{
  "description": "Order with every value-or-unset field at its sentinel.",
  "fields": {
    "adjustedStopLimitPrice": 1.7976931348623157e+308,
    "adjustedStopPrice": 1.7976931348623157e+308,
    "adjustedTrailingAmount": 1.7976931348623157e+308,
    "auxPrice": "170141183460469231731687303715884105727",
    "basisPoints": 1.7976931348623157e+308,
    "basisPointsType": 2147483647,
    "cashQty": "170141183460469231731687303715884105727",
    "competeAgainstBestOffset": 1.7976931348623157e+308,
    "delta": 1.7976931348623157e+308,
    "deltaNeutralAuxPrice": 1.7976931348623157e+308,
    "duration": 2147483647,
    "filledQuantity": "170141183460469231731687303715884105727",
    "lmtPrice": "170141183460469231731687303715884105727",
    "lmtPriceOffset": 1.7976931348623157e+308,
    "manualOrderIndicator": 2147483647,
    "midOffsetAtHalf": 1.7976931348623157e+308,
    "midOffsetAtWhole": 1.7976931348623157e+308,
    "minCompeteSize": 2147483647,
    "minQty": 2147483647,
    "minTradeQty": 2147483647,
    "percentOffset": 1.7976931348623157e+308,
    "postToAts": 2147483647,
    "ptOrderId": 2147483647,
    "referencePriceType": 2147483647,
    "scaleInitFillQty": 2147483647,
    "scaleInitLevelSize": 2147483647,
    "scaleInitPosition": 2147483647,
    "scalePriceAdjustInterval": 2147483647,
    "scalePriceAdjustValue": 1.7976931348623157e+308,
    "scalePriceIncrement": 1.7976931348623157e+308,
    "scaleProfitOffset": 1.7976931348623157e+308,
    "scaleSubsLevelSize": 2147483647,
    "slOrderId": 2147483647,
    "startingPrice": 1.7976931348623157e+308,
    "stockRangeLower": 1.7976931348623157e+308,
    "stockRangeUpper": 1.7976931348623157e+308,
    "stockRefPrice": 1.7976931348623157e+308,
    "totalQuantity": "170141183460469231731687303715884105727",
    "trailStopPrice": "170141183460469231731687303715884105727",
    "trailingPercent": "170141183460469231731687303715884105727",
    "triggerPrice": 1.7976931348623157e+308,
    "volatility": 1.7976931348623157e+308,
    "volatilityType": 2147483647,
    "whatIfType": 2147483647
  },
  "name": "Order-all-unset",
  "type": "Order"
}